Comment,Designator,Footprint,LCSC,Quantity
1.5pF,"C14,C15",C1552_C0402,C1552,2
100nF,"C10,C16,C17,C7,C8",C1525_C0402,C1525,5
10K,"R13,R14,R7,R8,R9",C25744_R0402,C25744,5
10nF,C21,C15195_C0402,C15195,1
10uF,"C1,C18,C2,C9",C15525_C0402,C15525,4
18pF,"C12,C13",C1549_C0402,C1549,2
1N4148WS T4,D2,C2128_SOD-323_L1_8-W1_3-LS2_5-RD,C2128,1
1k,R6,C11702_R0402,C11702,1
1uF,"C11,C20,C3,C4,C5,C6",C52923_C0402,C52923,6
2.2nH,L3,C27122_L0402,C27122,1
2.45 GHz,AE1,C89334_ANT-SMD_L3_2-W1_6,C89334,1
22Ω (22R0) ±1%,"R3,R4",C25092_R0402,C25092,2
3225 40M 12PF 10PPM,X1,C5380316_CRYSTAL-SMD_4P-L3_2-W2_5-BL,C5380316,1
4.7K,"R11,R12",C25900_R0402,C25900,2
5.1k,"R1,R2",C25905_R0402,C25905,2
6.8K,R5,C25917_R0402,C25917,1
AO3401A,Q1,C15127_SOT-23_L2_9-W1_3-P1_90-LS2_4-BR,C15127,1
ESP32-C3FH4,U3,C2858491_QFN-32_L5_0-W5_0-P0_50-TL-EP3_7,C2858491,1
LED  0402,LED1,C71911_LED0402-R-RD,C71911,1
MCP73831T-2ACI/OT,U1,C424093_SOT-23-5_L3_0-W1_7-P0_95-LS2_8-BL,C424093,1
MMA8452QR1_C11360,U4,C11360_QFN-16_L3_0-W3_0-P0_50-TL_MMA8452QR1,C11360,1
TS342A2P,"SW1,SW2",C398055_SW-SMD_L4_0-W3_0-LS5_0-EH,C398055,2
TYPE-C,USBC1,C165948_USB-C_SMD-TYPE-C-31-M-12_1,C165948,1
USBLC6-2SC6,D1,C7519_SOT-23-6_L2_9-W1_6-P0_95-LS2_8-BL,C7519,1
XC6206P332MR,U2,C5446_SOT-23-3_L2_9-W1_6-P1_90-LS2_8-BR,C5446,1
