Designator,Val,Package,Mid X,Mid Y,Rotation,Layer
AE1,2.45 GHz,C89334_ANT-SMD_L3_2-W1_6,137.1092,-109.5756,-90.0,top
C1,10uF,C15525_C0402,147.0152,-91.7956,180.0,top
C10,100nF,C1525_C0402,142.5448,-106.172,0.0,top
C11,1uF,C52923_C0402,152.0444,-106.6292,180.0,top
C12,18pF,C1549_C0402,142.8496,-100.33,-90.0,top
C13,18pF,C1549_C0402,148.4884,-100.4824,-90.0,top
C14,1.5pF,C1552_C0402,137.1092,-105.664,180.0,top
C15,1.5pF,C1552_C0402,138.9888,-104.8004,90.0,top
C16,100nF,C1525_C0402,155.194,-100.1268,90.0,top
C17,100nF,C1525_C0402,153.3652,-98.806,90.0,top
C18,10uF,C15525_C0402,155.194,-102.5652,-90.0,top
C2,10uF,C15525_C0402,138.8917,-87.7824,90.0,top
C20,1uF,C52923_C0402,141.6304,-102.3112,90.0,top
C21,10nF,C15195_C0402,142.7988,-102.3112,90.0,top
C3,1uF,C52923_C0402,143.898,-88.6388,90.0,top
C4,1uF,C52923_C0402,147.4216,-97.128,90.0,top
C5,1uF,C52923_C0402,142.27,-96.1796,-90.0,top
C6,1uF,C52923_C0402,137.668,-96.0628,90.0,top
C7,100nF,C1525_C0402,152.0444,-107.8484,0.0,top
C8,100nF,C1525_C0402,147.8788,-109.8296,180.0,top
C9,10uF,C15525_C0402,142.1448,-105.156,0.0,top
D1,USBLC6-2SC6,C7519_SOT-23-6_L2_9-W1_6-P0_95-LS2_8-BL,150.7236,-93.0656,180.0,top
D2,1N4148WS T4,C2128_SOD-323_L1_8-W1_3-LS2_5-RD,147.4216,-94.3848,90.0,top
L3,2.2nH,C27122_L0402,137.16,-104.394,0.0,top
LED1,LED  0402,C71911_LED0402-R-RD,141.358,-84.5748,0.0,top
Q1,AO3401A,C15127_SOT-23_L2_9-W1_3-P1_90-LS2_4-BR,142.6972,-92.1512,0.0,top
R1,5.1k,C25905_R0402,152.8572,-92.0496,-90.0,top
R11,4.7K,C25900_R0402,145.7452,-109.8296,180.0,top
R12,4.7K,C25900_R0402,147.8788,-111.0488,0.0,top
R13,10K,C25744_R0402,145.1864,-92.2528,-90.0,top
R14,10K,C25744_R0402,149.86,-109.8296,0.0,top
R2,5.1k,C25905_R0402,148.5392,-92.2528,-90.0,top
R3,22Ω (22R0) ±1%,C25092_R0402,151.6888,-95.9104,-90.0,top
R4,22Ω (22R0) ±1%,C25092_R0402,149.7584,-95.9104,-90.0,top
R5,6.8K,C25917_R0402,143.9488,-85.794,90.0,top
R6,1k,C11702_R0402,138.8872,-85.8012,-90.0,top
R7,10K,C25744_R0402,140.0928,-93.6244,90.0,top
R8,10K,C25744_R0402,142.572,-107.1372,0.0,top
R9,10K,C25744_R0402,139.9676,-100.076,-90.0,top
SW1,TS342A2P,C398055_SW-SMD_L4_0-W3_0-LS5_0-EH,137.7188,-91.948,90.0,top
SW2,TS342A2P,C398055_SW-SMD_L4_0-W3_0-LS5_0-EH,137.668,-100.1268,90.0,top
U1,MCP73831T-2ACI/OT,C424093_SOT-23-5_L3_0-W1_7-P0_95-LS2_8-BL,141.4317,-87.3252,-90.0,top
U2,XC6206P332MR,C5446_SOT-23-3_L2_9-W1_6-P1_90-LS2_8-BR,144.7292,-96.1644,180.0,top
U3,ESP32-C3FH4,C2858491_QFN-32_L5_0-W5_0-P0_50-TL-EP3_7,148.1078,-106.0704,0.0,top
U4,MMA8452QR1_C11360,C11360_QFN-16_L3_0-W3_0-P0_50-TL_MMA8452QR1,152.8572,-101.5492,270.0,top
USBC1,TYPE-C,C165948_USB-C_SMD-TYPE-C-31-M-12_1,150.7236,-87.2252,180.0,top
X1,3225 40M 12PF 10PPM,C5380316_CRYSTAL-SMD_4P-L3_2-W2_5-BL,145.7586,-100.0118,0.0,top
